{"IcoMoonType":"selection","icons":[{"icon":{"paths":["M658.286 475.429c0-141.143-114.857-256-256-256s-256 114.857-256 256 114.857 256 256 256 256-114.857 256-256zM950.857 950.857c0 40-33.143 73.143-73.143 73.143-19.429 0-38.286-8-51.429-21.714l-196-195.429c-66.857 46.286-146.857 70.857-228 70.857-222.286 0-402.286-180-402.286-402.286s180-402.286 402.286-402.286 402.286 180 402.286 402.286c0 81.143-24.571 161.143-70.857 228l196 196c13.143 13.143 21.143 32 21.143 51.429z"],"width":950.8571428571428,"attrs":[],"isMulticolor":false,"isMulticolor2":false,"tags":["search"],"defaultCode":61442,"grid":14},"attrs":[],"properties":{"name":"search","id":6,"order":14,"prevSize":28,"code":61442},"setIdx":0,"setId":5,"iconIdx":6},{"icon":{"paths":["M512 950.857c-9.143 0-18.286-3.429-25.143-10.286l-356.571-344c-4.571-4-130.286-118.857-130.286-256 0-167.429 102.286-267.429 273.143-267.429 100 0 193.714 78.857 238.857 123.429 45.143-44.571 138.857-123.429 238.857-123.429 170.857 0 273.143 100 273.143 267.429 0 137.143-125.714 252-130.857 257.143l-356 342.857c-6.857 6.857-16 10.286-25.143 10.286z"],"width":1024,"attrs":[],"isMulticolor":false,"isMulticolor2":false,"tags":["heart"],"defaultCode":61444,"grid":14},"attrs":[],"properties":{"name":"heart","id":8,"order":5,"prevSize":28,"code":61444},"setIdx":0,"setId":5,"iconIdx":8},{"icon":{"paths":["M950.857 369.714c0 10.286-7.429 20-14.857 27.429l-207.429 202.286 49.143 285.714c0.571 4 0.571 7.429 0.571 11.429 0 14.857-6.857 28.571-23.429 28.571-8 0-16-2.857-22.857-6.857l-256.571-134.857-256.571 134.857c-7.429 4-14.857 6.857-22.857 6.857-16.571 0-24-13.714-24-28.571 0-4 0.571-7.429 1.143-11.429l49.143-285.714-208-202.286c-6.857-7.429-14.286-17.143-14.286-27.429 0-17.143 17.714-24 32-26.286l286.857-41.714 128.571-260c5.143-10.857 14.857-23.429 28-23.429s22.857 12.571 28 23.429l128.571 260 286.857 41.714c13.714 2.286 32 9.143 32 26.286z"],"width":950.8571428571428,"attrs":[],"isMulticolor":false,"isMulticolor2":false,"tags":["star"],"defaultCode":61445,"grid":14},"attrs":[],"properties":{"name":"star","id":9,"order":4,"prevSize":28,"code":61445},"setIdx":0,"setId":5,"iconIdx":9},{"icon":{"paths":["M954.857 323.429c0 14.286-5.714 28.571-16 38.857l-491.429 491.429c-10.286 10.286-24.571 16-38.857 16s-28.571-5.714-38.857-16l-284.571-284.571c-10.286-10.286-16-24.571-16-38.857s5.714-28.571 16-38.857l77.714-77.714c10.286-10.286 24.571-16 38.857-16s28.571 5.714 38.857 16l168 168.571 374.857-375.429c10.286-10.286 24.571-16 38.857-16s28.571 5.714 38.857 16l77.714 77.714c10.286 10.286 16 24.571 16 38.857z"],"width":1024,"attrs":[],"isMulticolor":false,"isMulticolor2":false,"tags":["check"],"defaultCode":61452,"grid":14},"attrs":[],"properties":{"name":"check","id":16,"order":24,"prevSize":28,"code":61452},"setIdx":0,"setId":5,"iconIdx":16},{"icon":{"paths":["M741.714 755.429c0 14.286-5.714 28.571-16 38.857l-77.714 77.714c-10.286 10.286-24.571 16-38.857 16s-28.571-5.714-38.857-16l-168-168-168 168c-10.286 10.286-24.571 16-38.857 16s-28.571-5.714-38.857-16l-77.714-77.714c-10.286-10.286-16-24.571-16-38.857s5.714-28.571 16-38.857l168-168-168-168c-10.286-10.286-16-24.571-16-38.857s5.714-28.571 16-38.857l77.714-77.714c10.286-10.286 24.571-16 38.857-16s28.571 5.714 38.857 16l168 168 168-168c10.286-10.286 24.571-16 38.857-16s28.571 5.714 38.857 16l77.714 77.714c10.286 10.286 16 24.571 16 38.857s-5.714 28.571-16 38.857l-168 168 168 168c10.286 10.286 16 24.571 16 38.857z"],"width":804.5714285714286,"attrs":[],"isMulticolor":false,"isMulticolor2":false,"tags":["close","remove","times"],"defaultCode":61453,"grid":14},"attrs":[],"properties":{"name":"close, L, times","id":17,"order":25,"prevSize":28,"code":61453},"setIdx":0,"setId":5,"iconIdx":17},{"icon":{"paths":["M733.714 419.429c0-9.714-3.429-19.429-10.286-26.286l-52-51.429c-6.857-6.857-16-10.857-25.714-10.857s-18.857 4-25.714 10.857l-233.143 232.571-129.143-129.143c-6.857-6.857-16-10.857-25.714-10.857s-18.857 4-25.714 10.857l-52 51.429c-6.857 6.857-10.286 16.571-10.286 26.286s3.429 18.857 10.286 25.714l206.857 206.857c6.857 6.857 16.571 10.857 25.714 10.857 9.714 0 19.429-4 26.286-10.857l310.286-310.286c6.857-6.857 10.286-16 10.286-25.714zM877.714 512c0 242.286-196.571 438.857-438.857 438.857s-438.857-196.571-438.857-438.857 196.571-438.857 438.857-438.857 438.857 196.571 438.857 438.857z"],"width":877.7142857142857,"attrs":[],"isMulticolor":false,"isMulticolor2":false,"tags":["check-circle"],"defaultCode":61528,"grid":14},"attrs":[],"properties":{"name":"check-circle","id":87,"order":21,"prevSize":28,"code":61528},"setIdx":0,"setId":5,"iconIdx":87},{"icon":{"paths":["M731.429 841.143c0-20-16.571-36.571-36.571-36.571s-36.571 16.571-36.571 36.571 16.571 36.571 36.571 36.571 36.571-16.571 36.571-36.571zM877.714 841.143c0-20-16.571-36.571-36.571-36.571s-36.571 16.571-36.571 36.571 16.571 36.571 36.571 36.571 36.571-16.571 36.571-36.571zM950.857 713.143v182.857c0 30.286-24.571 54.857-54.857 54.857h-841.143c-30.286 0-54.857-24.571-54.857-54.857v-182.857c0-30.286 24.571-54.857 54.857-54.857h244c15.429 42.286 56 73.143 103.429 73.143h146.286c47.429 0 88-30.857 103.429-73.143h244c30.286 0 54.857 24.571 54.857 54.857zM765.143 342.857c-5.714 13.714-18.857 22.857-33.714 22.857h-146.286v256c0 20-16.571 36.571-36.571 36.571h-146.286c-20 0-36.571-16.571-36.571-36.571v-256h-146.286c-14.857 0-28-9.143-33.714-22.857-5.714-13.143-2.857-29.143 8-39.429l256-256c6.857-7.429 16.571-10.857 25.714-10.857s18.857 3.429 25.714 10.857l256 256c10.857 10.286 13.714 26.286 8 39.429z"],"width":950.8571428571428,"attrs":[],"isMulticolor":false,"isMulticolor2":false,"tags":["upload"],"defaultCode":61587,"grid":14},"attrs":[],"properties":{"name":"upload","id":139,"order":8,"prevSize":28,"code":61587},"setIdx":0,"setId":5,"iconIdx":139},{"icon":{"paths":["M950.857 329.143v146.286c0 20-16.571 36.571-36.571 36.571h-36.571c-20 0-36.571-16.571-36.571-36.571v-146.286c0-80.571-65.714-146.286-146.286-146.286s-146.286 65.714-146.286 146.286v109.714h54.857c30.286 0 54.857 24.571 54.857 54.857v329.143c0 30.286-24.571 54.857-54.857 54.857h-548.571c-30.286 0-54.857-24.571-54.857-54.857v-329.143c0-30.286 24.571-54.857 54.857-54.857h384v-109.714c0-141.143 114.857-256 256-256s256 114.857 256 256z"],"width":950.8571428571428,"attrs":[],"isMulticolor":false,"isMulticolor2":false,"tags":["unlock"],"defaultCode":61596,"grid":14},"attrs":[],"properties":{"name":"unlock","id":148,"order":18,"prevSize":28,"code":61596},"setIdx":0,"setId":5,"iconIdx":148},{"icon":{"paths":["M219.429 768c0 60.571-49.143 109.714-109.714 109.714s-109.714-49.143-109.714-109.714 49.143-109.714 109.714-109.714 109.714 49.143 109.714 109.714zM512 838.286c0.571 10.286-2.857 20-9.714 27.429-6.857 8-16.571 12-26.857 12h-77.143c-18.857 0-34.286-14.286-36-33.143-16.571-174.286-154.857-312.571-329.143-329.143-18.857-1.714-33.143-17.143-33.143-36v-77.143c0-10.286 4-20 12-26.857 6.286-6.286 15.429-9.714 24.571-9.714h2.857c121.714 9.714 236.571 62.857 322.857 149.714 86.857 86.286 140 201.143 149.714 322.857zM804.571 839.429c0.571 9.714-2.857 19.429-10.286 26.857-6.857 7.429-16 11.429-26.286 11.429h-81.714c-19.429 0-35.429-14.857-36.571-34.286-18.857-332-283.429-596.571-615.429-616-19.429-1.143-34.286-17.143-34.286-36v-81.714c0-10.286 4-19.429 11.429-26.286 6.857-6.857 16-10.286 25.143-10.286h1.714c200 10.286 388 94.286 529.714 236.571 142.286 141.714 226.286 329.714 236.571 529.714z"],"width":805.1565714285713,"attrs":[],"isMulticolor":false,"isMulticolor2":false,"tags":["feed","rss"],"defaultCode":61598,"grid":14},"attrs":[],"properties":{"name":"feed, rss","id":150,"order":19,"prevSize":28,"code":61598},"setIdx":0,"setId":5,